Source Organism:,Gvio
Target Organism:,Eco_MG1655
Gene name:,example_gene
Source Gene:,ATGTTGATGACCGTATTTTCTTCTGCACCTGAACTTGCCCTTCTCGGATCAACCTTTGCCCAGGTCGATCCTTCAAACTTATCGGTCTCAGATTCGCTGACCTATGGTCAGTTCAATCTGGTTTACAACGCTTTCTCGTTTGCCATCGCGGCAATGTTCGCATCTGCCCTCTTCTTCTTCAGCGCTCAGGCACTCGTCGGTCAACGATACCGGTTGGCCTTGCTTGTTTCAGCAATTGTTGTGAGTATCGCTGGGTACCACTACTTTCGGATCTTCAATAGTTGGGATGCTGCCTACGTTCTGGAGAATGGCGTGTATTCCCTGACTAGCGAAAAATTCAACGACGCCTACCGCTATGTGGATTGGCTGTTGACCGTGCCTCTGTTGCTGGTGGAGACAGTGGCAGTGCTGACGTTGCCTGCAAAGGAGGCAAGACCCTTGCTGATCAAACTGACGGTGGCTTCAGTTCTGATGATTGCCACGGGCTACCCCGGCGAGATTTCTGACGACATTACGACTCGCATCATCTGGGGTACGGTCAGCACGATTCCCTTCGCCTACATCCTCTATGTGTTGTGGGTCGAACTGTCCAGGTCCCTTGTCCGCCAGCCCGCTGCTGTACAAACCCTGGTCCGCAACATGCGGTGGCTGCTGTTGCTCTCCTGGGGTGTTTACCCGATCGCATACCTTCTACCCATGCTTGGAGTATCCGGTACGTCCGCGGCTGTCGGCGTTCAGGTTGGCTATACGATCGCAGACGTGCTGGCGAAGCCTGTATTTGGTCTTCTAGTCTTCGCGATTGCACTCGTGAAAACAAAAGCAGATCAAGAAAGCAGTGAACCACATGCCGCAATAGGTGCTGCTGCAAATAAATCGGGAGGCAGTCTTATCTCCTAG

Harmonized gene:,ATGTTAATGACCGTATTTTCATCAGCTCCCGAACTTGCGCTTTTAGGATCAACCTTTGCGCAGGTTGACCCCTCAAACCTATCGGTTTCAGACTCGCTGACCTACGGGCAGTTTAATCTGGTATATAACGCTTTTTCGTTTGCGATTGCAGCTATGTTTGCTTCAGCGTTATTTTTTTTTAGCGCTCAGGCTTTAGTTGGGCAAAGATATCGGTTAGCGTTACTTGTATCAGCTATAGTAGTGTCAATTGCTGGGTATCATTATTTTCGGATTTTTAATTCATGGGACGCTGCGTATGTACTGGAAAATGGCGTGTACTCGCTGACAAGCGAAAAATTTAACGATGCGTATCGCTACGTGGACTGGCTGTTAACCGTGCCCCTGTTACTGGTGGAAACAGTGGCTGTGCTGACTTTACCCGCTAAAGAAGCTAGGCCGTTACTGATTAAACTGACTGTGGCTTCAGTACTGATGATAGCGACTGGCTATCCGGGCGAAATATCAGATGATATAACTACACGCATTATTTGGGGGACTGTTAGCACTATACCGTTTGCGTATATTTTATACGTGTTATGGGTTGAACTGTCGAGATCGCTTGTTCGCCAGCCGGCTGCTGTACAAACCCTGGTTCGCAACATGCGGTGGCTGCTGTTATTATCGTGGGGGGTATATCCGATTGCTTATCTTCTACCGATGCTTGGAGTATCGGGGACTTCGGCAGCTGTTGGCGTACAGGTAGGCTACACTATTGCTGATGTGCTGGCAAAACCCGTATTTGGGCTTCTAGTTTTTGCAATAGCTTTAGTGAAAACAAAAGCTGACCAAGAAAGCTCAGAACCCCACGCGGCTATAGGGGCTGCTGCTAATAAATCGGGAGGCTCACTTATTTCGTGA

,,CHI:,0,,CHI:,0.22190404207529216,,CHI:,0.09910101742679074
,,CAI:,0.6358570815858106,,CAI:,0.6881911260822423,,CAI:,0.684378581882167

,Source gene in: Gvio,,,Source gene in Eco_MG1655,,,Harmonized gene in Eco_MG1655
AA pos.,Codon,AA,Relative frequency,Codon,AA,Relative frequency,Codon,AA,Relative frequency
1,ATG,M,1.0,ATG,M,1.0,ATG,M,1.0
2,TTG,L,0.38596440790041114,TTG,L,0.25579410132741476,TTA,L,0.25731643120349423
3,ATG,M,1.0,ATG,M,1.0,ATG,M,1.0
4,ACC,T,1.0,ACC,T,1.0,ACC,T,1.0
5,GTA,V,0.13254528647011388,GTA,V,0.41167501006962426,GTA,V,0.41167501006962426
6,TTT,F,0.9269866129693851,TTT,F,1.0,TTT,F,1.0
7,TCT,S,0.16272935779816514,TCT,S,0.5198425868854013,TCA,S,0.4338817505096961
8,TCT,S,0.16272935779816514,TCT,S,0.5198425868854013,TCA,S,0.4338817505096961
9,GCA,A,0.16758597293595848,GCA,A,0.5915096866351218,GCT,A,0.4455852156057495
10,CCT,P,0.21474762744604015,CCT,P,0.29522576468684253,CCC,P,0.23097588606570643
11,GAA,E,0.7857982452457916,GAA,E,1.0,GAA,E,1.0
12,CTT,L,0.1907541040163298,CTT,L,0.20480316416976113,CTT,L,0.20480316416976113
13,GCC,A,1.0,GCC,A,0.755245067404696,GCG,A,1.0
14,CTT,L,0.1907541040163298,CTT,L,0.20480316416976113,CTT,L,0.20480316416976113
15,CTC,L,0.5933645746485352,CTC,L,0.20890065019135828,TTA,L,0.25731643120349423
16,GGA,G,0.19710312862108922,GGA,G,0.2600549842174931,GGA,G,0.2600549842174931
17,TCA,S,0.11834862385321102,TCA,S,0.4338817505096961,TCA,S,0.4338817505096961
18,ACC,T,1.0,ACC,T,1.0,ACC,T,1.0
19,TTT,F,0.9269866129693851,TTT,F,1.0,TTT,F,1.0
20,GCC,A,1.0,GCC,A,0.755245067404696,GCG,A,1.0
21,CAG,Q,1.0,CAG,Q,1.0,CAG,Q,1.0
22,GTC,V,0.7791043014770962,GTC,V,0.5810173197537257,GTT,V,0.6906323724034754
23,GAT,D,0.619052130456408,GAT,D,1.0,GAC,D,0.5980695164281299
24,CCT,P,0.21474762744604015,CCT,P,0.29522576468684253,CCC,P,0.23097588606570643
25,TCA,S,0.11834862385321102,TCA,S,0.4338817505096961,TCA,S,0.4338817505096961
26,AAC,N,1.0,AAC,N,1.0,AAC,N,1.0
27,TTA,L,0.0379926975821522,TTA,L,0.25731643120349423,CTA,L,0.07223241851266948
28,TCG,S,0.7748088685015291,TCG,S,0.5561613958560524,TCG,S,0.5561613958560524
29,GTC,V,0.7791043014770962,GTC,V,0.5810173197537257,GTT,V,0.6906323724034754
30,TCA,S,0.11834862385321102,TCA,S,0.4338817505096961,TCA,S,0.4338817505096961
31,GAT,D,0.619052130456408,GAT,D,1.0,GAC,D,0.5980695164281299
32,TCG,S,0.7748088685015291,TCG,S,0.5561613958560524,TCG,S,0.5561613958560524
33,CTG,L,1.0,CTG,L,1.0,CTG,L,1.0
34,ACC,T,1.0,ACC,T,1.0,ACC,T,1.0
35,TAT,Y,0.3329319027808189,TAT,Y,1.0,TAC,Y,0.7620338660578386
36,GGT,G,0.3206091706671081,GGT,G,0.8291161796151105,GGG,G,0.36768149882903983
37,CAG,Q,1.0,CAG,Q,1.0,CAG,Q,1.0
38,TTC,F,1.0,TTC,F,0.7433857918273991,TTT,F,1.0
39,AAT,N,0.37268738574040217,AAT,N,0.8071451378294958,AAT,N,0.8071451378294958
40,CTG,L,1.0,CTG,L,1.0,CTG,L,1.0
41,GTT,V,0.16606022461302442,GTT,V,0.6906323724034754,GTA,V,0.41167501006962426
42,TAC,Y,1.0,TAC,Y,0.7620338660578386,TAT,Y,1.0
43,AAC,N,1.0,AAC,N,1.0,AAC,N,1.0
44,GCT,A,0.19276533189259823,GCT,A,0.4455852156057495,GCT,A,0.4455852156057495
45,TTC,F,1.0,TTC,F,0.7433857918273991,TTT,F,1.0
46,TCG,S,0.7748088685015291,TCG,S,0.5561613958560524,TCG,S,0.5561613958560524
47,TTT,F,0.9269866129693851,TTT,F,1.0,TTT,F,1.0
48,GCC,A,1.0,GCC,A,0.755245067404696,GCG,A,1.0
49,ATC,I,1.0,ATC,I,0.8285977538162711,ATT,I,1.0
50,GCG,A,0.5814371332721858,GCG,A,1.0,GCA,A,0.5915096866351218
51,GCA,A,0.16758597293595848,GCA,A,0.5915096866351218,GCT,A,0.4455852156057495
52,ATG,M,1.0,ATG,M,1.0,ATG,M,1.0
53,TTC,F,1.0,TTC,F,0.7433857918273991,TTT,F,1.0
54,GCA,A,0.16758597293595848,GCA,A,0.5915096866351218,GCT,A,0.4455852156057495
55,TCT,S,0.16272935779816514,TCT,S,0.5198425868854013,TCA,S,0.4338817505096961
56,GCC,A,1.0,GCC,A,0.755245067404696,GCG,A,1.0
57,CTC,L,0.5933645746485352,CTC,L,0.20890065019135828,TTA,L,0.25731643120349423
58,TTC,F,1.0,TTC,F,0.7433857918273991,TTT,F,1.0
59,TTC,F,1.0,TTC,F,0.7433857918273991,TTT,F,1.0
60,TTC,F,1.0,TTC,F,0.7433857918273991,TTT,F,1.0
61,AGC,S,1.0,AGC,S,1.0,AGC,S,1.0
62,GCT,A,0.19276533189259823,GCT,A,0.4455852156057495,GCT,A,0.4455852156057495
63,CAG,Q,1.0,CAG,Q,1.0,CAG,Q,1.0
64,GCA,A,0.16758597293595848,GCA,A,0.5915096866351218,GCT,A,0.4455852156057495
65,CTC,L,0.5933645746485352,CTC,L,0.20890065019135828,TTA,L,0.25731643120349423
66,GTC,V,0.7791043014770962,GTC,V,0.5810173197537257,GTT,V,0.6906323724034754
67,GGT,G,0.3206091706671081,GGT,G,0.8291161796151105,GGG,G,0.36768149882903983
68,CAA,Q,0.35808023997000377,CAA,Q,0.5303233262416935,CAA,Q,0.5303233262416935
69,CGA,R,0.08469389560079953,CGA,R,0.1549011560298242,AGA,R,0.08529995211710788
70,TAC,Y,1.0,TAC,Y,0.7620338660578386,TAT,Y,1.0
71,CGG,R,0.47241434206569616,CGG,R,0.23893563171215543,CGG,R,0.23893563171215543
72,TTG,L,0.38596440790041114,TTG,L,0.25579410132741476,TTA,L,0.25731643120349423
73,GCC,A,1.0,GCC,A,0.755245067404696,GCG,A,1.0
74,TTG,L,0.38596440790041114,TTG,L,0.25579410132741476,TTA,L,0.25731643120349423
75,CTT,L,0.1907541040163298,CTT,L,0.20480316416976113,CTT,L,0.20480316416976113
76,GTT,V,0.16606022461302442,GTT,V,0.6906323724034754,GTA,V,0.41167501006962426
77,TCA,S,0.11834862385321102,TCA,S,0.4338817505096961,TCA,S,0.4338817505096961
78,GCA,A,0.16758597293595848,GCA,A,0.5915096866351218,GCT,A,0.4455852156057495
79,ATT,I,0.33870821426951514,ATT,I,1.0,ATA,I,0.13340139950693528
80,GTT,V,0.16606022461302442,GTT,V,0.6906323724034754,GTA,V,0.41167501006962426
81,GTG,V,1.0,GTG,V,1.0,GTG,V,1.0
82,AGT,S,0.27557339449541285,AGT,S,0.5365321701199564,TCA,S,0.4338817505096961
83,ATC,I,1.0,ATC,I,0.8285977538162711,ATT,I,1.0
84,GCT,A,0.19276533189259823,GCT,A,0.4455852156057495,GCT,A,0.4455852156057495
85,GGG,G,0.3898692269491806,GGG,G,0.36768149882903983,GGG,G,0.36768149882903983
86,TAC,Y,1.0,TAC,Y,0.7620338660578386,TAT,Y,1.0
87,CAC,H,1.0,CAC,H,0.7550044286979628,CAT,H,1.0
88,TAC,Y,1.0,TAC,Y,0.7620338660578386,TAT,Y,1.0
89,TTT,F,0.9269866129693851,TTT,F,1.0,TTT,F,1.0
90,CGG,R,0.47241434206569616,CGG,R,0.23893563171215543,CGG,R,0.23893563171215543
91,ATC,I,1.0,ATC,I,0.8285977538162711,ATT,I,1.0
92,TTC,F,1.0,TTC,F,0.7433857918273991,TTT,F,1.0
93,AAT,N,0.37268738574040217,AAT,N,0.8071451378294958,AAT,N,0.8071451378294958
94,AGT,S,0.27557339449541285,AGT,S,0.5365321701199564,TCA,S,0.4338817505096961
95,TGG,W,1.0,TGG,W,1.0,TGG,W,1.0
96,GAT,D,0.619052130456408,GAT,D,1.0,GAC,D,0.5980695164281299
97,GCT,A,0.19276533189259823,GCT,A,0.4455852156057495,GCT,A,0.4455852156057495
98,GCC,A,1.0,GCC,A,0.755245067404696,GCG,A,1.0
99,TAC,Y,1.0,TAC,Y,0.7620338660578386,TAT,Y,1.0
100,GTT,V,0.16606022461302442,GTT,V,0.6906323724034754,GTA,V,0.41167501006962426
101,CTG,L,1.0,CTG,L,1.0,CTG,L,1.0
102,GAG,E,1.0,GAG,E,0.4484059358544758,GAA,E,1.0
103,AAT,N,0.37268738574040217,AAT,N,0.8071451378294958,AAT,N,0.8071451378294958
104,GGC,G,1.0,GGC,G,1.0,GGC,G,1.0
105,GTG,V,1.0,GTG,V,1.0,GTG,V,1.0
106,TAT,Y,0.3329319027808189,TAT,Y,1.0,TAC,Y,0.7620338660578386
107,TCC,S,0.5725917431192661,TCC,S,0.5351097624579204,TCG,S,0.5561613958560524
108,CTG,L,1.0,CTG,L,1.0,CTG,L,1.0
109,ACT,T,0.1412195065122673,ACT,T,0.3738798485975866,ACA,T,0.2900585552068843
110,AGC,S,1.0,AGC,S,1.0,AGC,S,1.0
111,GAA,E,0.7857982452457916,GAA,E,1.0,GAA,E,1.0
112,AAA,K,0.8877267373380447,AAA,K,1.0,AAA,K,1.0
113,TTC,F,1.0,TTC,F,0.7433857918273991,TTT,F,1.0
114,AAC,N,1.0,AAC,N,1.0,AAC,N,1.0
115,GAC,D,1.0,GAC,D,0.5980695164281299,GAT,D,1.0
116,GCC,A,1.0,GCC,A,0.755245067404696,GCG,A,1.0
117,TAC,Y,1.0,TAC,Y,0.7620338660578386,TAT,Y,1.0
118,CGC,R,1.0,CGC,R,1.0,CGC,R,1.0
119,TAT,Y,0.3329319027808189,TAT,Y,1.0,TAC,Y,0.7620338660578386
120,GTG,V,1.0,GTG,V,1.0,GTG,V,1.0
121,GAT,D,0.619052130456408,GAT,D,1.0,GAC,D,0.5980695164281299
122,TGG,W,1.0,TGG,W,1.0,TGG,W,1.0
123,CTG,L,1.0,CTG,L,1.0,CTG,L,1.0
124,TTG,L,0.38596440790041114,TTG,L,0.25579410132741476,TTA,L,0.25731643120349423
125,ACC,T,1.0,ACC,T,1.0,ACC,T,1.0
126,GTG,V,1.0,GTG,V,1.0,GTG,V,1.0
127,CCT,P,0.21474762744604015,CCT,P,0.29522576468684253,CCC,P,0.23097588606570643
128,CTG,L,1.0,CTG,L,1.0,CTG,L,1.0
129,TTG,L,0.38596440790041114,TTG,L,0.25579410132741476,TTA,L,0.25731643120349423
130,CTG,L,1.0,CTG,L,1.0,CTG,L,1.0
131,GTG,V,1.0,GTG,V,1.0,GTG,V,1.0
132,GAG,E,1.0,GAG,E,0.4484059358544758,GAA,E,1.0
133,ACA,T,0.11703441366294648,ACA,T,0.2900585552068843,ACA,T,0.2900585552068843
134,GTG,V,1.0,GTG,V,1.0,GTG,V,1.0
135,GCA,A,0.16758597293595848,GCA,A,0.5915096866351218,GCT,A,0.4455852156057495
136,GTG,V,1.0,GTG,V,1.0,GTG,V,1.0
137,CTG,L,1.0,CTG,L,1.0,CTG,L,1.0
138,ACG,T,0.4105407861320161,ACG,T,0.6124680534437579,ACT,T,0.3738798485975866
139,TTG,L,0.38596440790041114,TTG,L,0.25579410132741476,TTA,L,0.25731643120349423
140,CCT,P,0.21474762744604015,CCT,P,0.29522576468684253,CCC,P,0.23097588606570643
141,GCA,A,0.16758597293595848,GCA,A,0.5915096866351218,GCT,A,0.4455852156057495
142,AAG,K,1.0,AAG,K,0.3025120619747661,AAA,K,1.0
143,GAG,E,1.0,GAG,E,0.4484059358544758,GAA,E,1.0
144,GCA,A,0.16758597293595848,GCA,A,0.5915096866351218,GCT,A,0.4455852156057495
145,AGA,R,0.051279783489289445,AGA,R,0.08529995211710788,AGG,R,0.046583213626103015
146,CCC,P,0.844265278127712,CCC,P,0.23097588606570643,CCG,P,1.0
147,TTG,L,0.38596440790041114,TTG,L,0.25579410132741476,TTA,L,0.25731643120349423
148,CTG,L,1.0,CTG,L,1.0,CTG,L,1.0
149,ATC,I,1.0,ATC,I,0.8285977538162711,ATT,I,1.0
150,AAA,K,0.8877267373380447,AAA,K,1.0,AAA,K,1.0
151,CTG,L,1.0,CTG,L,1.0,CTG,L,1.0
152,ACG,T,0.4105407861320161,ACG,T,0.6124680534437579,ACT,T,0.3738798485975866
153,GTG,V,1.0,GTG,V,1.0,GTG,V,1.0
154,GCT,A,0.19276533189259823,GCT,A,0.4455852156057495,GCT,A,0.4455852156057495
155,TCA,S,0.11834862385321102,TCA,S,0.4338817505096961,TCA,S,0.4338817505096961
156,GTT,V,0.16606022461302442,GTT,V,0.6906323724034754,GTA,V,0.41167501006962426
157,CTG,L,1.0,CTG,L,1.0,CTG,L,1.0
158,ATG,M,1.0,ATG,M,1.0,ATG,M,1.0
159,ATT,I,0.33870821426951514,ATT,I,1.0,ATA,I,0.13340139950693528
160,GCC,A,1.0,GCC,A,0.755245067404696,GCG,A,1.0
161,ACG,T,0.4105407861320161,ACG,T,0.6124680534437579,ACT,T,0.3738798485975866
162,GGC,G,1.0,GGC,G,1.0,GGC,G,1.0
163,TAC,Y,1.0,TAC,Y,0.7620338660578386,TAT,Y,1.0
164,CCC,P,0.844265278127712,CCC,P,0.23097588606570643,CCG,P,1.0
165,GGC,G,1.0,GGC,G,1.0,GGC,G,1.0
166,GAG,E,1.0,GAG,E,0.4484059358544758,GAA,E,1.0
167,ATT,I,0.33870821426951514,ATT,I,1.0,ATA,I,0.13340139950693528
168,TCT,S,0.16272935779816514,TCT,S,0.5198425868854013,TCA,S,0.4338817505096961
169,GAC,D,1.0,GAC,D,0.5980695164281299,GAT,D,1.0
170,GAC,D,1.0,GAC,D,0.5980695164281299,GAT,D,1.0
171,ATT,I,0.33870821426951514,ATT,I,1.0,ATA,I,0.13340139950693528
172,ACG,T,0.4105407861320161,ACG,T,0.6124680534437579,ACT,T,0.3738798485975866
173,ACT,T,0.1412195065122673,ACT,T,0.3738798485975866,ACA,T,0.2900585552068843
174,CGC,R,1.0,CGC,R,1.0,CGC,R,1.0
175,ATC,I,1.0,ATC,I,0.8285977538162711,ATT,I,1.0
176,ATC,I,1.0,ATC,I,0.8285977538162711,ATT,I,1.0
177,TGG,W,1.0,TGG,W,1.0,TGG,W,1.0
178,GGT,G,0.3206091706671081,GGT,G,0.8291161796151105,GGG,G,0.36768149882903983
179,ACG,T,0.4105407861320161,ACG,T,0.6124680534437579,ACT,T,0.3738798485975866
180,GTC,V,0.7791043014770962,GTC,V,0.5810173197537257,GTT,V,0.6906323724034754
181,AGC,S,1.0,AGC,S,1.0,AGC,S,1.0
182,ACG,T,0.4105407861320161,ACG,T,0.6124680534437579,ACT,T,0.3738798485975866
183,ATT,I,0.33870821426951514,ATT,I,1.0,ATA,I,0.13340139950693528
184,CCC,P,0.844265278127712,CCC,P,0.23097588606570643,CCG,P,1.0
185,TTC,F,1.0,TTC,F,0.7433857918273991,TTT,F,1.0
186,GCC,A,1.0,GCC,A,0.755245067404696,GCG,A,1.0
187,TAC,Y,1.0,TAC,Y,0.7620338660578386,TAT,Y,1.0
188,ATC,I,1.0,ATC,I,0.8285977538162711,ATT,I,1.0
189,CTC,L,0.5933645746485352,CTC,L,0.20890065019135828,TTA,L,0.25731643120349423
190,TAT,Y,0.3329319027808189,TAT,Y,1.0,TAC,Y,0.7620338660578386
191,GTG,V,1.0,GTG,V,1.0,GTG,V,1.0
192,TTG,L,0.38596440790041114,TTG,L,0.25579410132741476,TTA,L,0.25731643120349423
193,TGG,W,1.0,TGG,W,1.0,TGG,W,1.0
194,GTC,V,0.7791043014770962,GTC,V,0.5810173197537257,GTT,V,0.6906323724034754
195,GAA,E,0.7857982452457916,GAA,E,1.0,GAA,E,1.0
196,CTG,L,1.0,CTG,L,1.0,CTG,L,1.0
197,TCC,S,0.5725917431192661,TCC,S,0.5351097624579204,TCG,S,0.5561613958560524
198,AGG,R,0.07332000778306476,AGG,R,0.046583213626103015,AGA,R,0.08529995211710788
199,TCC,S,0.5725917431192661,TCC,S,0.5351097624579204,TCG,S,0.5561613958560524
200,CTT,L,0.1907541040163298,CTT,L,0.20480316416976113,CTT,L,0.20480316416976113
201,GTC,V,0.7791043014770962,GTC,V,0.5810173197537257,GTT,V,0.6906323724034754
202,CGC,R,1.0,CGC,R,1.0,CGC,R,1.0
203,CAG,Q,1.0,CAG,Q,1.0,CAG,Q,1.0
204,CCC,P,0.844265278127712,CCC,P,0.23097588606570643,CCG,P,1.0
205,GCT,A,0.19276533189259823,GCT,A,0.4455852156057495,GCT,A,0.4455852156057495
206,GCT,A,0.19276533189259823,GCT,A,0.4455852156057495,GCT,A,0.4455852156057495
207,GTA,V,0.13254528647011388,GTA,V,0.41167501006962426,GTA,V,0.41167501006962426
208,CAA,Q,0.35808023997000377,CAA,Q,0.5303233262416935,CAA,Q,0.5303233262416935
209,ACC,T,1.0,ACC,T,1.0,ACC,T,1.0
210,CTG,L,1.0,CTG,L,1.0,CTG,L,1.0
211,GTC,V,0.7791043014770962,GTC,V,0.5810173197537257,GTT,V,0.6906323724034754
212,CGC,R,1.0,CGC,R,1.0,CGC,R,1.0
213,AAC,N,1.0,AAC,N,1.0,AAC,N,1.0
214,ATG,M,1.0,ATG,M,1.0,ATG,M,1.0
215,CGG,R,0.47241434206569616,CGG,R,0.23893563171215543,CGG,R,0.23893563171215543
216,TGG,W,1.0,TGG,W,1.0,TGG,W,1.0
217,CTG,L,1.0,CTG,L,1.0,CTG,L,1.0
218,CTG,L,1.0,CTG,L,1.0,CTG,L,1.0
219,TTG,L,0.38596440790041114,TTG,L,0.25579410132741476,TTA,L,0.25731643120349423
220,CTC,L,0.5933645746485352,CTC,L,0.20890065019135828,TTA,L,0.25731643120349423
221,TCC,S,0.5725917431192661,TCC,S,0.5351097624579204,TCG,S,0.5561613958560524
222,TGG,W,1.0,TGG,W,1.0,TGG,W,1.0
223,GGT,G,0.3206091706671081,GGT,G,0.8291161796151105,GGG,G,0.36768149882903983
224,GTT,V,0.16606022461302442,GTT,V,0.6906323724034754,GTA,V,0.41167501006962426
225,TAC,Y,1.0,TAC,Y,0.7620338660578386,TAT,Y,1.0
226,CCG,P,1.0,CCG,P,1.0,CCG,P,1.0
227,ATC,I,1.0,ATC,I,0.8285977538162711,ATT,I,1.0
228,GCA,A,0.16758597293595848,GCA,A,0.5915096866351218,GCT,A,0.4455852156057495
229,TAC,Y,1.0,TAC,Y,0.7620338660578386,TAT,Y,1.0
230,CTT,L,0.1907541040163298,CTT,L,0.20480316416976113,CTT,L,0.20480316416976113
231,CTA,L,0.06483052065664262,CTA,L,0.07223241851266948,CTA,L,0.07223241851266948
232,CCC,P,0.844265278127712,CCC,P,0.23097588606570643,CCG,P,1.0
233,ATG,M,1.0,ATG,M,1.0,ATG,M,1.0
234,CTT,L,0.1907541040163298,CTT,L,0.20480316416976113,CTT,L,0.20480316416976113
235,GGA,G,0.19710312862108922,GGA,G,0.2600549842174931,GGA,G,0.2600549842174931
236,GTA,V,0.13254528647011388,GTA,V,0.41167501006962426,GTA,V,0.41167501006962426
237,TCC,S,0.5725917431192661,TCC,S,0.5351097624579204,TCG,S,0.5561613958560524
238,GGT,G,0.3206091706671081,GGT,G,0.8291161796151105,GGG,G,0.36768149882903983
239,ACG,T,0.4105407861320161,ACG,T,0.6124680534437579,ACT,T,0.3738798485975866
240,TCC,S,0.5725917431192661,TCC,S,0.5351097624579204,TCG,S,0.5561613958560524
241,GCG,A,0.5814371332721858,GCG,A,1.0,GCA,A,0.5915096866351218
242,GCT,A,0.19276533189259823,GCT,A,0.4455852156057495,GCT,A,0.4455852156057495
243,GTC,V,0.7791043014770962,GTC,V,0.5810173197537257,GTT,V,0.6906323724034754
244,GGC,G,1.0,GGC,G,1.0,GGC,G,1.0
245,GTT,V,0.16606022461302442,GTT,V,0.6906323724034754,GTA,V,0.41167501006962426
246,CAG,Q,1.0,CAG,Q,1.0,CAG,Q,1.0
247,GTT,V,0.16606022461302442,GTT,V,0.6906323724034754,GTA,V,0.41167501006962426
248,GGC,G,1.0,GGC,G,1.0,GGC,G,1.0
249,TAT,Y,0.3329319027808189,TAT,Y,1.0,TAC,Y,0.7620338660578386
250,ACG,T,0.4105407861320161,ACG,T,0.6124680534437579,ACT,T,0.3738798485975866
251,ATC,I,1.0,ATC,I,0.8285977538162711,ATT,I,1.0
252,GCA,A,0.16758597293595848,GCA,A,0.5915096866351218,GCT,A,0.4455852156057495
253,GAC,D,1.0,GAC,D,0.5980695164281299,GAT,D,1.0
254,GTG,V,1.0,GTG,V,1.0,GTG,V,1.0
255,CTG,L,1.0,CTG,L,1.0,CTG,L,1.0
256,GCG,A,0.5814371332721858,GCG,A,1.0,GCA,A,0.5915096866351218
257,AAG,K,1.0,AAG,K,0.3025120619747661,AAA,K,1.0
258,CCT,P,0.21474762744604015,CCT,P,0.29522576468684253,CCC,P,0.23097588606570643
259,GTA,V,0.13254528647011388,GTA,V,0.41167501006962426,GTA,V,0.41167501006962426
260,TTT,F,0.9269866129693851,TTT,F,1.0,TTT,F,1.0
261,GGT,G,0.3206091706671081,GGT,G,0.8291161796151105,GGG,G,0.36768149882903983
262,CTT,L,0.1907541040163298,CTT,L,0.20480316416976113,CTT,L,0.20480316416976113
263,CTA,L,0.06483052065664262,CTA,L,0.07223241851266948,CTA,L,0.07223241851266948
264,GTC,V,0.7791043014770962,GTC,V,0.5810173197537257,GTT,V,0.6906323724034754
265,TTC,F,1.0,TTC,F,0.7433857918273991,TTT,F,1.0
266,GCG,A,0.5814371332721858,GCG,A,1.0,GCA,A,0.5915096866351218
267,ATT,I,0.33870821426951514,ATT,I,1.0,ATA,I,0.13340139950693528
268,GCA,A,0.16758597293595848,GCA,A,0.5915096866351218,GCT,A,0.4455852156057495
269,CTC,L,0.5933645746485352,CTC,L,0.20890065019135828,TTA,L,0.25731643120349423
270,GTG,V,1.0,GTG,V,1.0,GTG,V,1.0
271,AAA,K,0.8877267373380447,AAA,K,1.0,AAA,K,1.0
272,ACA,T,0.11703441366294648,ACA,T,0.2900585552068843,ACA,T,0.2900585552068843
273,AAA,K,0.8877267373380447,AAA,K,1.0,AAA,K,1.0
274,GCA,A,0.16758597293595848,GCA,A,0.5915096866351218,GCT,A,0.4455852156057495
275,GAT,D,0.619052130456408,GAT,D,1.0,GAC,D,0.5980695164281299
276,CAA,Q,0.35808023997000377,CAA,Q,0.5303233262416935,CAA,Q,0.5303233262416935
277,GAA,E,0.7857982452457916,GAA,E,1.0,GAA,E,1.0
278,AGC,S,1.0,AGC,S,1.0,AGC,S,1.0
279,AGT,S,0.27557339449541285,AGT,S,0.5365321701199564,TCA,S,0.4338817505096961
280,GAA,E,0.7857982452457916,GAA,E,1.0,GAA,E,1.0
281,CCA,P,0.13000755857898716,CCA,P,0.3572746399093705,CCC,P,0.23097588606570643
282,CAT,H,0.29673902170651195,CAT,H,1.0,CAC,H,0.7550044286979628
283,GCC,A,1.0,GCC,A,0.755245067404696,GCG,A,1.0
284,GCA,A,0.16758597293595848,GCA,A,0.5915096866351218,GCT,A,0.4455852156057495
285,ATA,I,0.05393023994194222,ATA,I,0.13340139950693528,ATA,I,0.13340139950693528
286,GGT,G,0.3206091706671081,GGT,G,0.8291161796151105,GGG,G,0.36768149882903983
287,GCT,A,0.19276533189259823,GCT,A,0.4455852156057495,GCT,A,0.4455852156057495
288,GCT,A,0.19276533189259823,GCT,A,0.4455852156057495,GCT,A,0.4455852156057495
289,GCA,A,0.16758597293595848,GCA,A,0.5915096866351218,GCT,A,0.4455852156057495
290,AAT,N,0.37268738574040217,AAT,N,0.8071451378294958,AAT,N,0.8071451378294958
291,AAA,K,0.8877267373380447,AAA,K,1.0,AAA,K,1.0
292,TCG,S,0.7748088685015291,TCG,S,0.5561613958560524,TCG,S,0.5561613958560524
293,GGA,G,0.19710312862108922,GGA,G,0.2600549842174931,GGA,G,0.2600549842174931
294,GGC,G,1.0,GGC,G,1.0,GGC,G,1.0
295,AGT,S,0.27557339449541285,AGT,S,0.5365321701199564,TCA,S,0.4338817505096961
296,CTT,L,0.1907541040163298,CTT,L,0.20480316416976113,CTT,L,0.20480316416976113
297,ATC,I,1.0,ATC,I,0.8285977538162711,ATT,I,1.0
298,TCC,S,0.5725917431192661,TCC,S,0.5351097624579204,TCG,S,0.5561613958560524
299,TAG,-,0.6829020801623541,TAG,-,0.10750279955207166,TGA,-,0.43859649122807015


,,Gvio,,Eco_MG1655
AA,codon,Relative frequency.,Frequency,Relative frequency,Frequency
A,GCA,0.16758597293595848,13338,0.5915096866351218,26502
A,GCC,1.0,79589,0.755245067404696,33838
A,GCG,0.5814371332721858,46276,1.0,44804
A,GCT,0.19276533189259823,15342,0.4455852156057495,19964
C,TGC,1.0,11126,1.0,8457
C,TGT,0.27943555635448497,3109,0.7914153955303299,6693
D,GAC,1.0,42221,0.5980695164281299,25156
D,GAT,0.619052130456408,26137,1.0,42062
E,GAA,0.7857982452457916,37437,1.0,52225
E,GAG,1.0,47642,0.4484059358544758,23418
F,TTC,1.0,26817,0.7433857918273991,21776
F,TTT,0.9269866129693851,24859,1.0,29293
G,GGA,0.19710312862108922,11907,0.2600549842174931,10216
G,GGC,1.0,60410,1.0,39284
G,GGG,0.3898692269491806,23552,0.36768149882903983,14444
G,GGT,0.3206091706671081,19368,0.8291161796151105,32571
H,CAC,1.0,19994,0.7550044286979628,12786
H,CAT,0.29673902170651195,5933,1.0,16935
I,ATA,0.05393023994194222,2378,0.13340139950693528,5357
I,ATC,1.0,44094,0.8285977538162711,33274
I,ATT,0.33870821426951514,14935,1.0,40157
K,AAA,0.8877267373380447,18842,1.0,44147
K,AAG,1.0,21225,0.3025120619747661,13355
L,CTA,0.06483052065664262,4510,0.07223241851266948,5077
L,CTC,0.5933645746485352,41278,0.20890065019135828,14683
L,CTG,1.0,69566,1.0,70287
L,CTT,0.1907541040163298,13270,0.20480316416976113,14395
L,TTA,0.0379926975821522,2643,0.25731643120349423,18086
L,TTG,0.38596440790041114,26850,0.25579410132741476,17979
M,ATG,1.0,22772,1.0,36641
N,AAC,1.0,27350,1.0,28187
N,AAT,0.37268738574040217,10193,0.8071451378294958,22751
P,CCA,0.13000755857898716,4644,0.3572746399093705,11038
P,CCC,0.844265278127712,30158,0.23097588606570643,7136
P,CCG,1.0,35721,1.0,30895
P,CCT,0.21474762744604015,7671,0.29522576468684253,9121
Q,CAA,0.35808023997000377,15280,0.5303233262416935,20191
Q,CAG,1.0,42672,1.0,38073
R,AGA,0.051279783489289445,2899,0.08529995211710788,2494
R,AGG,0.07332000778306476,4145,0.046583213626103015,1362
R,CGA,0.08469389560079953,4788,0.1549011560298242,4529
R,CGC,1.0,56533,1.0,29238
R,CGG,0.47241434206569616,26707,0.23893563171215543,6986
R,CGT,0.13393946898271805,7572,0.9504412066488815,27789
S,AGC,1.0,26160,1.0,21091
S,AGT,0.27557339449541285,7209,0.5365321701199564,11316
S,TCA,0.11834862385321102,3096,0.4338817505096961,9151
S,TCC,0.5725917431192661,14979,0.5351097624579204,11286
S,TCG,0.7748088685015291,20269,0.5561613958560524,11730
S,TCT,0.16272935779816514,4257,0.5198425868854013,10964
T,ACA,0.11703441366294648,5023,0.2900585552068843,8966
T,ACC,1.0,42919,1.0,30911
T,ACG,0.4105407861320161,17620,0.6124680534437579,18932
T,ACT,0.1412195065122673,6061,0.3738798485975866,11557
V,GTA,0.13254528647011388,6739,0.41167501006962426,14309
V,GTC,0.7791043014770962,39612,0.5810173197537257,20195
V,GTG,1.0,50843,1.0,34758
V,GTT,0.16606022461302442,8443,0.6906323724034754,24005
W,TGG,1.0,20841,1.0,19999
Y,TAC,1.0,27402,0.7620338660578386,16021
Y,TAT,0.3329319027808189,9123,1.0,21024
-,TAA,0.5646879756468798,1113,1.0,2679
-,TAG,0.6829020801623541,1346,0.10750279955207166,288
-,TGA,1.0,1971,0.43859649122807015,1175
